{"0": {"epoch_loss_train": 0.1666034164900581, "epoch_acc_train": 0.6404166666666666, "epoch_loss_perc_train": 2.2473958333333335, "epoch_loss_val": 0.15041813790798186, "epoch_acc_val": 0.6616666666666666, "epoch_loss_perc_val": 2.1354166666666665}, "1": {"epoch_loss_train": 0.12356384066864848, "epoch_acc_train": 0.69625, "epoch_loss_perc_train": 1.8984375, "epoch_loss_val": 0.11874527523914973, "epoch_acc_val": 0.695, "epoch_loss_perc_val": 1.9270833333333333}, "2": {"epoch_loss_train": 0.1180931101491054, "epoch_acc_train": 0.6929166666666666, "epoch_loss_perc_train": 1.9192708333333333, "epoch_loss_val": 0.11206474284331004, "epoch_acc_val": 0.7166666666666667, "epoch_loss_perc_val": 1.7916666666666667}, "3": {"epoch_loss_train": 0.0910387712282439, "epoch_acc_train": 0.7191666666666666, "epoch_loss_perc_train": 1.7552083333333333, "epoch_loss_val": 0.14184549669424693, "epoch_acc_val": 0.6566666666666666, "epoch_loss_perc_val": 2.1770833333333335}, "4": {"epoch_loss_train": 0.08420335362354914, "epoch_acc_train": 0.7558333333333334, "epoch_loss_perc_train": 1.5260416666666667, "epoch_loss_val": 0.0909216811756293, "epoch_acc_val": 0.7316666666666667, "epoch_loss_perc_val": 1.6875}, "5": {"epoch_loss_train": 0.07178153502444426, "epoch_acc_train": 0.7679166666666667, "epoch_loss_perc_train": 1.4505208333333333, "epoch_loss_val": 0.10324829330046971, "epoch_acc_val": 0.715, "epoch_loss_perc_val": 1.8020833333333333}, "6": {"epoch_loss_train": 0.07787550423915188, "epoch_acc_train": 0.7570833333333333, "epoch_loss_perc_train": 1.5182291666666667, "epoch_loss_val": 0.08618495516479015, "epoch_acc_val": 0.7366666666666667, "epoch_loss_perc_val": 1.6875}, "7": {"epoch_loss_train": 0.06922850870837768, "epoch_acc_train": 0.77625, "epoch_loss_perc_train": 1.3984375, "epoch_loss_val": 0.09000459822515647, "epoch_acc_val": 0.7466666666666667, "epoch_loss_perc_val": 1.6041666666666667}, "8": {"epoch_loss_train": 0.06541616648435593, "epoch_acc_train": 0.7754166666666666, "epoch_loss_perc_train": 1.4036458333333333, "epoch_loss_val": 0.07287711657583713, "epoch_acc_val": 0.7483333333333333, "epoch_loss_perc_val": 1.5729166666666667}, "9": {"epoch_loss_train": 0.055600754469633105, "epoch_acc_train": 0.7941666666666667, "epoch_loss_perc_train": 1.2864583333333333, "epoch_loss_val": 0.07349143964548906, "epoch_acc_val": 0.745, "epoch_loss_perc_val": 1.625}, "10": {"epoch_loss_train": 0.06892813860128323, "epoch_acc_train": 0.7725, "epoch_loss_perc_train": 1.421875, "epoch_loss_val": 0.07327765807509422, "epoch_acc_val": 0.765, "epoch_loss_perc_val": 1.4895833333333333}, "11": {"epoch_loss_train": 0.05698236479113499, "epoch_acc_train": 0.7870833333333334, "epoch_loss_perc_train": 1.3307291666666667, "epoch_loss_val": 0.07405594731370609, "epoch_acc_val": 0.77, "epoch_loss_perc_val": 1.4583333333333333}, "12": {"epoch_loss_train": 0.0544685828872025, "epoch_acc_train": 0.7970833333333334, "epoch_loss_perc_train": 1.2682291666666667, "epoch_loss_val": 0.08097451478242874, "epoch_acc_val": 0.7716666666666666, "epoch_loss_perc_val": 1.4270833333333333}, "13": {"epoch_loss_train": 0.049989481922239065, "epoch_acc_train": 0.8045833333333333, "epoch_loss_perc_train": 1.2213541666666667, "epoch_loss_val": 0.06501220494508743, "epoch_acc_val": 0.7566666666666667, "epoch_loss_perc_val": 1.53125}, "14": {"epoch_loss_train": 0.05225813700507084, "epoch_acc_train": 0.7979166666666667, "epoch_loss_perc_train": 1.2630208333333333, "epoch_loss_val": 0.060527364164590834, "epoch_acc_val": 0.795, "epoch_loss_perc_val": 1.2916666666666667}, "15": {"epoch_loss_train": 0.04568905159831047, "epoch_acc_train": 0.8066666666666666, "epoch_loss_perc_train": 1.2083333333333333, "epoch_loss_val": 0.04844979633887609, "epoch_acc_val": 0.8016666666666666, "epoch_loss_perc_val": 1.2395833333333333}, "16": {"epoch_loss_train": 0.042944493144750594, "epoch_acc_train": 0.8141666666666667, "epoch_loss_perc_train": 1.1614583333333333, "epoch_loss_val": 0.061972059806187946, "epoch_acc_val": 0.7633333333333333, "epoch_loss_perc_val": 1.4895833333333333}, "17": {"epoch_loss_train": 0.04354139408717553, "epoch_acc_train": 0.8108333333333333, "epoch_loss_perc_train": 1.1822916666666667, "epoch_loss_val": 0.05900104701519013, "epoch_acc_val": 0.7933333333333333, "epoch_loss_perc_val": 1.3020833333333333}, "18": {"epoch_loss_train": 0.04380616209780176, "epoch_acc_train": 0.8154166666666667, "epoch_loss_perc_train": 1.1536458333333333, "epoch_loss_val": 0.05845521544416746, "epoch_acc_val": 0.7733333333333333, "epoch_loss_perc_val": 1.4375}, "19": {"epoch_loss_train": 0.040992225209871926, "epoch_acc_train": 0.82625, "epoch_loss_perc_train": 1.0859375, "epoch_loss_val": 0.057880331377188364, "epoch_acc_val": 0.78, "epoch_loss_perc_val": 1.3958333333333333}, "20": {"epoch_loss_train": 0.038025327424208326, "epoch_acc_train": 0.8358333333333333, "epoch_loss_perc_train": 1.0260416666666667, "epoch_loss_val": 0.05337180607020855, "epoch_acc_val": 0.8016666666666666, "epoch_loss_perc_val": 1.2395833333333333}, "21": {"epoch_loss_train": 0.04066062255452076, "epoch_acc_train": 0.8229166666666666, "epoch_loss_perc_train": 1.1067708333333333, "epoch_loss_val": 0.05515809684991837, "epoch_acc_val": 0.785, "epoch_loss_perc_val": 1.3854166666666667}, "22": {"epoch_loss_train": 0.03640785480539004, "epoch_acc_train": 0.8366666666666667, "epoch_loss_perc_train": 1.0208333333333333, "epoch_loss_val": 0.04541340758403142, "epoch_acc_val": 0.8016666666666666, "epoch_loss_perc_val": 1.2604166666666667}, "23": {"epoch_loss_train": 0.033527338082591694, "epoch_acc_train": 0.8358333333333333, "epoch_loss_perc_train": 1.0260416666666667, "epoch_loss_val": 0.048408710757891334, "epoch_acc_val": 0.7816666666666666, "epoch_loss_perc_val": 1.3854166666666667}, "24": {"epoch_loss_train": 0.03840246208012104, "epoch_acc_train": 0.8258333333333333, "epoch_loss_perc_train": 1.0885416666666667, "epoch_loss_val": 0.045286750992139184, "epoch_acc_val": 0.81, "epoch_loss_perc_val": 1.21875}, "25": {"epoch_loss_train": 0.03272483160098394, "epoch_acc_train": 0.8404166666666667, "epoch_loss_perc_train": 0.9973958333333334, "epoch_loss_val": 0.0521161961555481, "epoch_acc_val": 0.7883333333333333, "epoch_loss_perc_val": 1.34375}, "26": {"epoch_loss_train": 0.03279989150663217, "epoch_acc_train": 0.8416666666666667, "epoch_loss_perc_train": 0.9895833333333334, "epoch_loss_val": 0.03928964455922445, "epoch_acc_val": 0.8233333333333334, "epoch_loss_perc_val": 1.1041666666666667}, "27": {"epoch_loss_train": 0.03436698978766799, "epoch_acc_train": 0.8408333333333333, "epoch_loss_perc_train": 0.9947916666666666, "epoch_loss_val": 0.053728854085008305, "epoch_acc_val": 0.765, "epoch_loss_perc_val": 1.4791666666666667}, "28": {"epoch_loss_train": 0.03143960192178687, "epoch_acc_train": 0.8416666666666667, "epoch_loss_perc_train": 0.9895833333333334, "epoch_loss_val": 0.044226592083772026, "epoch_acc_val": 0.79, "epoch_loss_perc_val": 1.34375}, "29": {"epoch_loss_train": 0.03078211942066749, "epoch_acc_train": 0.8433333333333334, "epoch_loss_perc_train": 0.9791666666666666, "epoch_loss_val": 0.04127079427242279, "epoch_acc_val": 0.805, "epoch_loss_perc_val": 1.21875}, "30": {"epoch_loss_train": 0.028262397249539693, "epoch_acc_train": 0.8604166666666667, "epoch_loss_perc_train": 0.8723958333333334, "epoch_loss_val": 0.03587029486894608, "epoch_acc_val": 0.825, "epoch_loss_perc_val": 1.125}, "31": {"epoch_loss_train": 0.024506659793357054, "epoch_acc_train": 0.86125, "epoch_loss_perc_train": 0.8671875, "epoch_loss_val": 0.041300946722428004, "epoch_acc_val": 0.8266666666666667, "epoch_loss_perc_val": 1.1041666666666667}, "32": {"epoch_loss_train": 0.028525383702168863, "epoch_acc_train": 0.8508333333333333, "epoch_loss_perc_train": 0.9322916666666666, "epoch_loss_val": 0.04131911262869835, "epoch_acc_val": 0.81, "epoch_loss_perc_val": 1.1979166666666667}, "33": {"epoch_loss_train": 0.029043849501758815, "epoch_acc_train": 0.8525,