{"0": {"epoch_loss_train": 0.16946224658439557, "epoch_acc_train": 0.6258333333333334, "epoch_loss_perc_train": 2.3385416666666665, "epoch_loss_val": 0.2535866226752599, "epoch_acc_val": 0.5666666666666667, "epoch_loss_perc_val": 2.7708333333333335}, "1": {"epoch_loss_train": 0.16607984335472187, "epoch_acc_train": 0.6391666666666667, "epoch_loss_perc_train": 2.2552083333333335, "epoch_loss_val": 0.16235324273506802, "epoch_acc_val": 0.6283333333333333, "epoch_loss_perc_val": 2.34375}, "2": {"epoch_loss_train": 0.12317553410927455, "epoch_acc_train": 0.6904166666666667, "epoch_loss_perc_train": 1.9348958333333333, "epoch_loss_val": 0.1230762508014838, "epoch_acc_val": 0.68, "epoch_loss_perc_val": 2.0416666666666665}, "3": {"epoch_loss_train": 0.09774726552267869, "epoch_acc_train": 0.7154166666666667, "epoch_loss_perc_train": 1.7786458333333333, "epoch_loss_val": 0.10091685816645622, "epoch_acc_val": 0.67, "epoch_loss_perc_val": 2.09375}, "4": {"epoch_loss_train": 0.09748965463290613, "epoch_acc_train": 0.7216666666666667, "epoch_loss_perc_train": 1.7395833333333333, "epoch_loss_val": 0.10341783781846364, "epoch_acc_val": 0.6933333333333334, "epoch_loss_perc_val": 1.9166666666666667}, "5": {"epoch_loss_train": 0.08957103992501894, "epoch_acc_train": 0.71375, "epoch_loss_perc_train": 1.7890625, "epoch_loss_val": 0.09218378817041716, "epoch_acc_val": 0.6983333333333334, "epoch_loss_perc_val": 1.9270833333333333}, "6": {"epoch_loss_train": 0.07869445102910201, "epoch_acc_train": 0.7458333333333333, "epoch_loss_perc_train": 1.5885416666666667, "epoch_loss_val": 0.09396803771456083, "epoch_acc_val": 0.7116666666666667, "epoch_loss_perc_val": 1.8541666666666667}, "7": {"epoch_loss_train": 0.0783126778776447, "epoch_acc_train": 0.7341666666666666, "epoch_loss_perc_train": 1.6614583333333333, "epoch_loss_val": 0.07361318533619245, "epoch_acc_val": 0.7416666666666667, "epoch_loss_perc_val": 1.625}, "8": {"epoch_loss_train": 0.06841734872510036, "epoch_acc_train": 0.7566666666666667, "epoch_loss_perc_train": 1.5208333333333333, "epoch_loss_val": 0.0743474692106247, "epoch_acc_val": 0.7433333333333333, "epoch_loss_perc_val": 1.6354166666666667}, "9": {"epoch_loss_train": 0.06907428998500109, "epoch_acc_train": 0.76, "epoch_loss_perc_train": 1.5, "epoch_loss_val": 0.0913517384727796, "epoch_acc_val": 0.7266666666666667, "epoch_loss_perc_val": 1.71875}, "10": {"epoch_loss_train": 0.06622667145604888, "epoch_acc_train": 0.75, "epoch_loss_perc_train": 1.5625, "epoch_loss_val": 0.07869423419237137, "epoch_acc_val": 0.7433333333333333, "epoch_loss_perc_val": 1.6458333333333333}, "11": {"epoch_loss_train": 0.06253903739154339, "epoch_acc_train": 0.77125, "epoch_loss_perc_train": 1.4296875, "epoch_loss_val": 0.07359972640872002, "epoch_acc_val": 0.7483333333333333, "epoch_loss_perc_val": 1.5729166666666667}, "12": {"epoch_loss_train": 0.05826704602688551, "epoch_acc_train": 0.78125, "epoch_loss_perc_train": 1.3671875, "epoch_loss_val": 0.07439100096623102, "epoch_acc_val": 0.7333333333333333, "epoch_loss_perc_val": 1.6875}, "13": {"epoch_loss_train": 0.05605123072862625, "epoch_acc_train": 0.7833333333333333, "epoch_loss_perc_train": 1.3541666666666667, "epoch_loss_val": 0.05836123242974281, "epoch_acc_val": 0.77, "epoch_loss_perc_val": 1.4583333333333333}, "14": {"epoch_loss_train": 0.05261625798419118, "epoch_acc_train": 0.7925, "epoch_loss_perc_train": 1.296875, "epoch_loss_val": 0.06248047818740209, "epoch_acc_val": 0.77, "epoch_loss_perc_val": 1.4479166666666667}, "15": {"epoch_loss_train": 0.05160055998712778, "epoch_acc_train": 0.78875, "epoch_loss_perc_train": 1.3203125, "epoch_loss_val": 0.054585452526807784, "epoch_acc_val": 0.7716666666666666, "epoch_loss_perc_val": 1.4270833333333333}, "16": {"epoch_loss_train": 0.05115478421250979, "epoch_acc_train": 0.795, "epoch_loss_perc_train": 1.28125, "epoch_loss_val": 0.057676781912644706, "epoch_acc_val": 0.7716666666666666, "epoch_loss_perc_val": 1.4375}, "17": {"epoch_loss_train": 0.04890624545514584, "epoch_acc_train": 0.7920833333333334, "epoch_loss_perc_train": 1.2994791666666667, "epoch_loss_val": 0.05943825880686442, "epoch_acc_val": 0.76, "epoch_loss_perc_val": 1.53125}, "18": {"epoch_loss_train": 0.05265438715616862, "epoch_acc_train": 0.7858333333333334, "epoch_loss_perc_train": 1.3385416666666667, "epoch_loss_val": 0.04719300587972005, "epoch_acc_val": 0.8033333333333333, "epoch_loss_perc_val": 1.25}, "19": {"epoch_loss_train": 0.046319858599454165, "epoch_acc_train": 0.80375, "epoch_loss_perc_train": 1.2265625, "epoch_loss_val": 0.05309015582005183, "epoch_acc_val": 0.7816666666666666, "epoch_loss_perc_val": 1.375}, "20": {"epoch_loss_train": 0.041490900553762915, "epoch_acc_train": 0.8170833333333334, "epoch_loss_perc_train": 1.1432291666666667, "epoch_loss_val": 0.048476232637961705, "epoch_acc_val": 0.7933333333333333, "epoch_loss_perc_val": 1.3020833333333333}, "21": {"epoch_loss_train": 0.044959928716222446, "epoch_acc_train": 0.8158333333333333, "epoch_loss_perc_train": 1.1510416666666667, "epoch_loss_val": 0.04931881427764893, "epoch_acc_val": 0.7883333333333333, "epoch_loss_perc_val": 1.3333333333333333}, "22": {"epoch_loss_train": 0.04027327793339888, "epoch_acc_train": 0.8266666666666667, "epoch_loss_perc_train": 1.0833333333333333, "epoch_loss_val": 0.049744682709376015, "epoch_acc_val": 0.7966666666666666, "epoch_loss_perc_val": 1.2916666666666667}, "23": {"epoch_loss_train": 0.041393073120464884, "epoch_acc_train": 0.8091666666666667, "epoch_loss_perc_train": 1.1927083333333333, "epoch_loss_val": 0.05056648790836334, "epoch_acc_val": 0.7733333333333333, "epoch_loss_perc_val": 1.4375}, "24": {"epoch_loss_train": 0.04197552599633733, "epoch_acc_train": 0.8083333333333333, "epoch_loss_perc_train": 1.1979166666666667, "epoch_loss_val": 0.0434753030538559, "epoch_acc_val": 0.7833333333333333, "epoch_loss_perc_val": 1.375}, "25": {"epoch_loss_train": 0.03478572461133202, "epoch_acc_train": 0.8391666666666666, "epoch_loss_perc_train": 1.0052083333333333, "epoch_loss_val": 0.044884900003671645, "epoch_acc_val": 0.8066666666666666, "epoch_loss_perc_val": 1.21875}, "26": {"epoch_loss_train": 0.03559760464976231, "epoch_acc_train": 0.8333333333333334, "epoch_loss_perc_train": 1.0416666666666667, "epoch_loss_val": 0.04057224576671918, "epoch_acc_val": 0.8033333333333333, "epoch_loss_perc_val": 1.25}, "27": {"epoch_loss_train": 0.0392502829246223, "epoch_acc_train": 0.81625, "epoch_loss_perc_train": 1.1484375, "epoch_loss_val": 0.04696992516517639, "epoch_acc_val": 0.78, "epoch_loss_perc_val": 1.3958333333333333}, "28": {"epoch_loss_train": 0.03365768859783808, "epoch_acc_train": 0.8391666666666666, "epoch_loss_perc_train": 1.0052083333333333, "epoch_loss_val": 0.04564696138103803, "epoch_acc_val": 0.805, "epoch_loss_perc_val": 1.2395833333333333}, "29": {"epoch_loss_train": 0.03160561648507913, "epoch_acc_train": 0.8395833333333333, "epoch_loss_perc_train": 1.0026041666666667, "epoch_loss_val": 0.04111058612664541, "epoch_acc_val": 0.8083333333333333, "epoch_loss_perc_val": 1.2083333333333333}, "30": {"epoch_loss_train": 0.030893421471118926, "epoch_acc_train": 0.83875, "epoch_loss_perc_train": 1.0078125, "epoch_loss_val": 0.03306942865252495, "epoch_acc_val": 0.8216666666666667, "epoch_loss_perc_val": 1.1354166666666667}, "31": {"epoch_loss_train": 0.03245962875584761, "epoch_acc_train": 0.8416666666666667, "epoch_loss_perc_train": 0.9895833333333334, "epoch_loss_val": 0.05370358084638913, "epoch_acc_val": 0.7683333333333333, "epoch_loss_perc_val": 1.4895833333333333}, "32": {"epoch_loss_train": 0.028669198794911307, "epoch_acc_train": 0.8591666666666666, "epoch_loss_perc_train": 0.8802083333333334, "epoch_loss_val": 0.037856334100166956, "epoch_acc_val": 0.8233333333333334, "epoch_loss_perc_val": 1.1041666666666667}, "33": {"epoch_loss_train": 0.027842801722387473, "epoch_acc_train": 0.85625, "epoch_loss_perc_train": 0.8984375, "epoch_loss_val": 0.03875599138438702, "epoch_acc_val": 0.8,