{"0": {"epoch_loss_train": 0.14880269030729928, "epoch_acc_train": 0.6666666666666666, "epoch_loss_perc_train": 2.0833333333333335, "epoch_loss_val": 0.16578860719998678, "epoch_acc_val": 0.6566666682561239, "epoch_loss_perc_val": 2.180555559794108}, "1": {"epoch_loss_train": 0.14047307459016642, "epoch_acc_train": 0.6883333333333334, "epoch_loss_perc_train": 1.9479166666666667, "epoch_loss_val": 0.12732577045758564, "epoch_acc_val": 0.6866666666666666, "epoch_loss_perc_val": 2.0}, "2": {"epoch_loss_train": 0.11618983392914137, "epoch_acc_train": 0.6908333333333333, "epoch_loss_perc_train": 1.9322916666666667, "epoch_loss_val": 0.09585088868935902, "epoch_acc_val": 0.7466666682561238, "epoch_loss_perc_val": 1.5972222264607747}, "3": {"epoch_loss_train": 0.09244953947762648, "epoch_acc_train": 0.7308333333333333, "epoch_loss_perc_train": 1.6822916666666667, "epoch_loss_val": 0.0797788454592228, "epoch_acc_val": 0.7600000007947286, "epoch_loss_perc_val": 1.5069444465637207}, "4": {"epoch_loss_train": 0.09134667868415515, "epoch_acc_train": 0.7325, "epoch_loss_perc_train": 1.671875, "epoch_loss_val": 0.08042333642641704, "epoch_acc_val": 0.7233333349227905, "epoch_loss_perc_val": 1.743055559794108}, "5": {"epoch_loss_train": 0.09281982243061065, "epoch_acc_train": 0.7266666666666667, "epoch_loss_perc_train": 1.7083333333333333, "epoch_loss_val": 0.05101444348692894, "epoch_acc_val": 0.79, "epoch_loss_perc_val": 1.3125}, "6": {"epoch_loss_train": 0.06822604085008303, "epoch_acc_train": 0.7658333333333334, "epoch_loss_perc_train": 1.4635416666666667, "epoch_loss_val": 0.08547291512290636, "epoch_acc_val": 0.7433333333333333, "epoch_loss_perc_val": 1.625}, "7": {"epoch_loss_train": 0.06767387134333451, "epoch_acc_train": 0.7841666666666667, "epoch_loss_perc_train": 1.3489583333333333, "epoch_loss_val": 0.07679920395215352, "epoch_acc_val": 0.7866666682561239, "epoch_loss_perc_val": 1.3472222264607747}, "8": {"epoch_loss_train": 0.07539784563084444, "epoch_acc_train": 0.7566666666666667, "epoch_loss_perc_train": 1.5208333333333333, "epoch_loss_val": 0.06228066653013229, "epoch_acc_val": 0.7866666666666666, "epoch_loss_perc_val": 1.3333333333333333}, "9": {"epoch_loss_train": 0.062249109894037244, "epoch_acc_train": 0.7775, "epoch_loss_perc_train": 1.390625, "epoch_loss_val": 0.060192604462305704, "epoch_acc_val": 0.7866666666666666, "epoch_loss_perc_val": 1.3333333333333333}, "10": {"epoch_loss_train": 0.05749104931950569, "epoch_acc_train": 0.7916666666666666, "epoch_loss_perc_train": 1.3020833333333333, "epoch_loss_val": 0.06071594322721163, "epoch_acc_val": 0.8133333349227905, "epoch_loss_perc_val": 1.180555559794108}, "11": {"epoch_loss_train": 0.0535844865689675, "epoch_acc_train": 0.7816666666666666, "epoch_loss_perc_train": 1.3645833333333333, "epoch_loss_val": 0.05919747412204743, "epoch_acc_val": 0.8066666666666666, "epoch_loss_perc_val": 1.2083333333333333}, "12": {"epoch_loss_train": 0.04633374827603499, "epoch_acc_train": 0.8083333333333333, "epoch_loss_perc_train": 1.1979166666666667, "epoch_loss_val": 0.05511425038178762, "epoch_acc_val": 0.7900000007947287, "epoch_loss_perc_val": 1.340277786254883}, "13": {"epoch_loss_train": 0.045918918003638586, "epoch_acc_train": 0.8116666666666666, "epoch_loss_perc_train": 1.1770833333333333, "epoch_loss_val": 0.05736619487404823, "epoch_acc_val": 0.8200000015894572, "epoch_loss_perc_val": 1.1597222264607747}, "14": {"epoch_loss_train": 0.041920289571086566, "epoch_acc_train": 0.8191666666666667, "epoch_loss_perc_train": 1.1302083333333333, "epoch_loss_val": 0.0475570805122455, "epoch_acc_val": 0.7966666674613953, "epoch_loss_perc_val": 1.277777779897054}, "15": {"epoch_loss_train": 0.041459344575802484, "epoch_acc_train": 0.8316666666666667, "epoch_loss_perc_train": 1.0520833333333333, "epoch_loss_val": 0.05173758069674174, "epoch_acc_val": 0.7733333333333333, "epoch_loss_perc_val": 1.4375}, "16": {"epoch_loss_train": 0.042895549535751344, "epoch_acc_train": 0.825, "epoch_loss_perc_train": 1.09375, "epoch_loss_val": 0.047213363895813626, "epoch_acc_val": 0.8233333349227905, "epoch_loss_perc_val": 1.118055559794108}, "17": {"epoch_loss_train": 0.0447713316231966, "epoch_acc_train": 0.8308333333333333, "epoch_loss_perc_train": 1.0572916666666667, "epoch_loss_val": 0.04537499657521645, "epoch_acc_val": 0.8166666674613953, "epoch_loss_perc_val": 1.152777779897054}, "18": {"epoch_loss_train": 0.038297530139485995, "epoch_acc_train": 0.8358333333333333, "epoch_loss_perc_train": 1.0260416666666667, "epoch_loss_val": 0.06269558956225713, "epoch_acc_val": 0.8100000007947286, "epoch_loss_perc_val": 1.215277786254883}, "19": {"epoch_loss_train": 0.035834650124112764, "epoch_acc_train": 0.8433333333333334, "epoch_loss_perc_train": 0.9791666666666666, "epoch_loss_val": 0.044624703948696456, "epoch_acc_val": 0.8266666674613953, "epoch_loss_perc_val": 1.090277779897054}, "20": {"epoch_loss_train": 0.03985328493018945, "epoch_acc_train": 0.8391666666666666, "epoch_loss_perc_train": 1.0052083333333333, "epoch_loss_val": 0.07652307440837225, "epoch_acc_val": 0.7466666666666667, "epoch_loss_perc_val": 1.6041666666666667}, "21": {"epoch_loss_train": 0.05062481034547091, "epoch_acc_train": 0.8041666666666667, "epoch_loss_perc_train": 1.2239583333333333, "epoch_loss_val": 0.05829965154329936, "epoch_acc_val": 0.7866666674613952, "epoch_loss_perc_val": 1.340277779897054}, "22": {"epoch_loss_train": 0.03469440979262193, "epoch_acc_train": 0.8325, "epoch_loss_perc_train": 1.046875, "epoch_loss_val": 0.044180867373943326, "epoch_acc_val": 0.8066666674613953, "epoch_loss_perc_val": 1.2361111195882162}, "23": {"epoch_loss_train": 0.03494841347138087, "epoch_acc_train": 0.8583333333333333, "epoch_loss_perc_train": 0.8854166666666666, "epoch_loss_val": 0.045430692434310915, "epoch_acc_val": 0.8466666666666667, "epoch_loss_perc_val": 0.9791666666666666}, "24": {"epoch_loss_train": 0.03501544776062171, "epoch_acc_train": 0.8391666666666666, "epoch_loss_perc_train": 1.0052083333333333, "epoch_loss_val": 0.032573779225349424, "epoch_acc_val": 0.82, "epoch_loss_perc_val": 1.1458333333333333}, "25": {"epoch_loss_train": 0.03140673083563646, "epoch_acc_train": 0.8508333333333333, "epoch_loss_perc_train": 0.9322916666666666, "epoch_loss_val": 0.029005865852038067, "epoch_acc_val": 0.86, "epoch_loss_perc_val": 0.875}, "26": {"epoch_loss_train": 0.031441462139288584, "epoch_acc_train": 0.8383333333333334, "epoch_loss_perc_train": 1.0104166666666667, "epoch_loss_val": 0.039560380280017855, "epoch_acc_val": 0.8366666682561239, "epoch_loss_perc_val": 1.055555559794108}, "27": {"epoch_loss_train": 0.029788656197488307, "epoch_acc_train": 0.855, "epoch_loss_perc_train": 0.90625, "epoch_loss_val": 0.06619479993979137, "epoch_acc_val": 0.7766666682561238, "epoch_loss_perc_val": 1.4097222264607747}, "28": {"epoch_loss_train": 0.03564183707038562, "epoch_acc_train": 0.83, "epoch_loss_perc_train": 1.0625, "epoch_loss_val": 0.04379039745156964, "epoch_acc_val": 0.8333333341280619, "epoch_loss_perc_val": 1.0486111132303875}, "29": {"epoch_loss_train": 0.026084065785010657, "epoch_acc_train": 0.8725, "epoch_loss_perc_train": 0.796875, "epoch_loss_val": 0.03726927359898885, "epoch_acc_val": 0.8266666674613953, "epoch_loss_perc_val": 1.090277779897054}, "30": {"epoch_loss_train": 0.029288639848430952, "epoch_acc_train": 0.8516666666666667, "epoch_loss_perc_train": 0.9270833333333334, "epoch_loss_val": 0.02902828554312388, "epoch_acc_val": 0.85, "epoch_loss_perc_val": 0.9375}, "31": {"epoch_loss_train": 0.027241371423006058, "epoch_acc_train": 0.8641666666666666, "epoch_loss_perc_train": 0.8489583333333334, "epoch_loss_val": 0.033326156834761304, "epoch_acc_val": 0.85, "epoch_loss_perc_val": 0.9583333333333334}, "32": {"epoch_loss_train": 0.025679650182525316, "epoch_acc_train": 0.8791666666666667, "epoch_loss_perc_train": 0.7552083333333334, "epoch_loss_val": 0.035154016812642415, "epoch_acc_val": 0.8466666674613953,