{"0": {"epoch_loss_train": 0.2504099676012993, "epoch_acc_train": 0.5508333333333333, "epoch_loss_perc_train": 2.8072916666666665, "epoch_loss_val": 0.20511796116828918, "epoch_acc_val": 0.563333334128062, "epoch_loss_perc_val": 2.777777786254883}, "1": {"epoch_loss_train": 0.1784108431637287, "epoch_acc_train": 0.625, "epoch_loss_perc_train": 2.34375, "epoch_loss_val": 0.12440538257360459, "epoch_acc_val": 0.6700000015894572, "epoch_loss_perc_val": 2.0763888931274415}, "2": {"epoch_loss_train": 0.15378720216453076, "epoch_acc_train": 0.6358333333333334, "epoch_loss_perc_train": 2.2760416666666665, "epoch_loss_val": 0.1627091012398402, "epoch_acc_val": 0.59, "epoch_loss_perc_val": 2.5833333333333335}, "3": {"epoch_loss_train": 0.1377753160893917, "epoch_acc_train": 0.66, "epoch_loss_perc_train": 2.125, "epoch_loss_val": 0.1317167302966118, "epoch_acc_val": 0.5933333341280619, "epoch_loss_perc_val": 2.5694444529215494}, "4": {"epoch_loss_train": 0.12445836732784907, "epoch_acc_train": 0.675, "epoch_loss_perc_train": 2.03125, "epoch_loss_val": 0.18117045621077218, "epoch_acc_val": 0.62, "epoch_loss_perc_val": 2.3958333333333335}, "5": {"epoch_loss_train": 0.10870464061697324, "epoch_acc_train": 0.7041666666666667, "epoch_loss_perc_train": 1.8489583333333333, "epoch_loss_val": 0.11096110324064891, "epoch_acc_val": 0.6733333349227906, "epoch_loss_perc_val": 2.0763888931274415}, "6": {"epoch_loss_train": 0.10303755407532056, "epoch_acc_train": 0.6991666666666667, "epoch_loss_perc_train": 1.8802083333333333, "epoch_loss_val": 0.0991922839730978, "epoch_acc_val": 0.63, "epoch_loss_perc_val": 2.3333333333333335}, "7": {"epoch_loss_train": 0.10634534828364849, "epoch_acc_train": 0.6866666666666666, "epoch_loss_perc_train": 1.9583333333333333, "epoch_loss_val": 0.10224835604429244, "epoch_acc_val": 0.6700000007947285, "epoch_loss_perc_val": 2.090277786254883}, "8": {"epoch_loss_train": 0.09405642541746298, "epoch_acc_train": 0.7075, "epoch_loss_perc_train": 1.828125, "epoch_loss_val": 0.10908378581206003, "epoch_acc_val": 0.6633333333333333, "epoch_loss_perc_val": 2.1458333333333335}, "9": {"epoch_loss_train": 0.08899561325709025, "epoch_acc_train": 0.7075, "epoch_loss_perc_train": 1.828125, "epoch_loss_val": 0.10929106553395589, "epoch_acc_val": 0.6766666666666666, "epoch_loss_perc_val": 2.0416666666666665}, "10": {"epoch_loss_train": 0.08942820119361082, "epoch_acc_train": 0.71, "epoch_loss_perc_train": 1.8125, "epoch_loss_val": 0.12016451597213745, "epoch_acc_val": 0.673333334128062, "epoch_loss_perc_val": 2.0694444529215494}, "11": {"epoch_loss_train": 0.07220410091181596, "epoch_acc_train": 0.7441666666666666, "epoch_loss_perc_train": 1.5989583333333333, "epoch_loss_val": 0.09289827585220337, "epoch_acc_val": 0.6833333333333333, "epoch_loss_perc_val": 2.0}, "12": {"epoch_loss_train": 0.0875029436747233, "epoch_acc_train": 0.7291666666666666, "epoch_loss_perc_train": 1.6927083333333333, "epoch_loss_val": 0.10962721248467763, "epoch_acc_val": 0.5900000007947286, "epoch_loss_perc_val": 2.590277786254883}, "13": {"epoch_loss_train": 0.09387745104730129, "epoch_acc_train": 0.7183333333333334, "epoch_loss_perc_train": 1.7604166666666667, "epoch_loss_val": 0.08767545421918234, "epoch_acc_val": 0.6900000015894572, "epoch_loss_perc_val": 1.9722222264607747}, "14": {"epoch_loss_train": 0.09301438517868518, "epoch_acc_train": 0.7075, "epoch_loss_perc_train": 1.828125, "epoch_loss_val": 0.10528005143006643, "epoch_acc_val": 0.62, "epoch_loss_perc_val": 2.4166666666666665}, "15": {"epoch_loss_train": 0.0755572891732057, "epoch_acc_train": 0.735, "epoch_loss_perc_train": 1.65625, "epoch_loss_val": 0.09435381720463434, "epoch_acc_val": 0.7433333333333333, "epoch_loss_perc_val": 1.625}, "16": {"epoch_loss_train": 0.07288205357889334, "epoch_acc_train": 0.7466666666666667, "epoch_loss_perc_train": 1.5833333333333333, "epoch_loss_val": 0.09110301092267037, "epoch_acc_val": 0.7066666682561239, "epoch_loss_perc_val": 1.8472222264607747}, "17": {"epoch_loss_train": 0.05742373324930668, "epoch_acc_train": 0.7608333333333334, "epoch_loss_perc_train": 1.4947916666666667, "epoch_loss_val": 0.07954877596348524, "epoch_acc_val": 0.7166666682561239, "epoch_loss_perc_val": 1.7847222264607747}, "18": {"epoch_loss_train": 0.07028163455426693, "epoch_acc_train": 0.7525, "epoch_loss_perc_train": 1.546875, "epoch_loss_val": 0.0895998364686966, "epoch_acc_val": 0.7000000015894572, "epoch_loss_perc_val": 1.8888888931274415}, "19": {"epoch_loss_train": 0.06269926865895589, "epoch_acc_train": 0.7691666666666667, "epoch_loss_perc_train": 1.4427083333333333, "epoch_loss_val": 0.07498009045918783, "epoch_acc_val": 0.7066666682561239, "epoch_loss_perc_val": 1.868055559794108}, "20": {"epoch_loss_train": 0.063552732989192, "epoch_acc_train": 0.7766666666666666, "epoch_loss_perc_train": 1.3958333333333333, "epoch_loss_val": 0.08345813840627671, "epoch_acc_val": 0.7100000015894572, "epoch_loss_perc_val": 1.8263888931274415}, "21": {"epoch_loss_train": 0.06369409901400407, "epoch_acc_train": 0.765, "epoch_loss_perc_train": 1.46875, "epoch_loss_val": 0.07336372991402944, "epoch_acc_val": 0.7600000015894572, "epoch_loss_perc_val": 1.5347222264607747}, "22": {"epoch_loss_train": 0.06302767105400563, "epoch_acc_train": 0.78, "epoch_loss_perc_train": 1.375, "epoch_loss_val": 0.06367925177017848, "epoch_acc_val": 0.7566666674613952, "epoch_loss_perc_val": 1.5486111195882162}, "23": {"epoch_loss_train": 0.0496187516177694, "epoch_acc_train": 0.7908333333333334, "epoch_loss_perc_train": 1.3072916666666667, "epoch_loss_val": 0.06286196614305178, "epoch_acc_val": 0.7533333341280619, "epoch_loss_perc_val": 1.5486111132303875}, "24": {"epoch_loss_train": 0.048229012712836264, "epoch_acc_train": 0.8008333333333333, "epoch_loss_perc_train": 1.2447916666666667, "epoch_loss_val": 0.06267882883548737, "epoch_acc_val": 0.7533333341280619, "epoch_loss_perc_val": 1.5694444529215494}, "25": {"epoch_loss_train": 0.04413668485979239, "epoch_acc_train": 0.7983333333333333, "epoch_loss_perc_train": 1.2604166666666667, "epoch_loss_val": 0.06280488967895508, "epoch_acc_val": 0.7500000007947286, "epoch_loss_perc_val": 1.5694444465637207}, "26": {"epoch_loss_train": 0.058703449591994285, "epoch_acc_train": 0.7808333333333334, "epoch_loss_perc_train": 1.3697916666666667, "epoch_loss_val": 0.0676860599964857, "epoch_acc_val": 0.7266666682561239, "epoch_loss_perc_val": 1.7222222264607747}, "27": {"epoch_loss_train": 0.052876372610529264, "epoch_acc_train": 0.7925, "epoch_loss_perc_train": 1.296875, "epoch_loss_val": 0.06941054979960123, "epoch_acc_val": 0.7300000007947286, "epoch_loss_perc_val": 1.6944444465637207}, "28": {"epoch_loss_train": 0.04731557212769985, "epoch_acc_train": 0.7841666666666667, "epoch_loss_perc_train": 1.3489583333333333, "epoch_loss_val": 0.05184503197669983, "epoch_acc_val": 0.7766666682561238, "epoch_loss_perc_val": 1.430555559794108}, "29": {"epoch_loss_train": 0.045798902014891306, "epoch_acc_train": 0.8008333333333333, "epoch_loss_perc_train": 1.2447916666666667, "epoch_loss_val": 0.07359300484259923, "epoch_acc_val": 0.7533333349227905, "epoch_loss_perc_val": 1.555555559794108}, "30": {"epoch_loss_train": 0.04243329219520092, "epoch_acc_train": 0.8091666666666667, "epoch_loss_perc_train": 1.1927083333333333, "epoch_loss_val": 0.06693520034352939, "epoch_acc_val": 0.7466666666666667, "epoch_loss_perc_val": 1.6041666666666667}, "31": {"epoch_loss_train": 0.044810530965526896, "epoch_acc_train": 0.8141666666666667, "epoch_loss_perc_train": 1.1614583333333333, "epoch_loss_val": 0.051682724754015606, "epoch_acc_val": 0.8066666666666666, "epoch_loss_perc_val": 1.2291666666666667}, "32": {"epoch_loss_train": 0.04112734237064918, "epoch_acc_train": 0.7975, "epoch_loss_perc_train": 1.265625, "epoch_loss_val": 0.05176517963409424, "epoch_acc_val": 0.7766666666666666, "epoch_loss_perc_val": 1.4166666666666667}, "33": {"epoch_loss_train": 0.03903053507208824, "epoch_acc_train": 0.8041666666666667,