{"0": {"epoch_loss_train": 0.13796584212531646, "epoch_acc_train": 0.6766666666666666, "epoch_loss_perc_train": 2.0208333333333335, "epoch_loss_val": 0.11503340179721515, "epoch_acc_val": 0.7600000007947286, "epoch_loss_perc_val": 1.527777786254883}, "1": {"epoch_loss_train": 0.08578215737516681, "epoch_acc_train": 0.7525, "epoch_loss_perc_train": 1.546875, "epoch_loss_val": 0.07890088473757108, "epoch_acc_val": 0.7633333349227905, "epoch_loss_perc_val": 1.493055559794108}, "2": {"epoch_loss_train": 0.0870261623399953, "epoch_acc_train": 0.7458333333333333, "epoch_loss_perc_train": 1.5885416666666667, "epoch_loss_val": 0.053257732863227526, "epoch_acc_val": 0.7966666682561239, "epoch_loss_perc_val": 1.2847222264607747}, "3": {"epoch_loss_train": 0.061099274773150684, "epoch_acc_train": 0.7791666666666667, "epoch_loss_perc_train": 1.3802083333333333, "epoch_loss_val": 0.05039954379200935, "epoch_acc_val": 0.8266666666666667, "epoch_loss_perc_val": 1.1041666666666667}, "4": {"epoch_loss_train": 0.05504263380542398, "epoch_acc_train": 0.7991666666666667, "epoch_loss_perc_train": 1.2552083333333333, "epoch_loss_val": 0.06480183733006319, "epoch_acc_val": 0.7866666682561239, "epoch_loss_perc_val": 1.3472222264607747}, "5": {"epoch_loss_train": 0.05163770200684667, "epoch_acc_train": 0.8075, "epoch_loss_perc_train": 1.203125, "epoch_loss_val": 0.06426427662372589, "epoch_acc_val": 0.7900000007947287, "epoch_loss_perc_val": 1.340277786254883}, "6": {"epoch_loss_train": 0.05028895093128085, "epoch_acc_train": 0.8083333333333333, "epoch_loss_perc_train": 1.1979166666666667, "epoch_loss_val": 0.07041763477027416, "epoch_acc_val": 0.7733333349227905, "epoch_loss_perc_val": 1.4513888931274415}, "7": {"epoch_loss_train": 0.04352028276771307, "epoch_acc_train": 0.7875, "epoch_loss_perc_train": 1.328125, "epoch_loss_val": 0.05940883569419384, "epoch_acc_val": 0.8333333333333334, "epoch_loss_perc_val": 1.0625}, "8": {"epoch_loss_train": 0.03888002778713902, "epoch_acc_train": 0.815, "epoch_loss_perc_train": 1.15625, "epoch_loss_val": 0.03337894019981225, "epoch_acc_val": 0.8200000015894572, "epoch_loss_perc_val": 1.1388888931274415}, "9": {"epoch_loss_train": 0.03880587313945095, "epoch_acc_train": 0.8275, "epoch_loss_perc_train": 1.078125, "epoch_loss_val": 0.038819035987059276, "epoch_acc_val": 0.7766666674613952, "epoch_loss_perc_val": 1.4236111195882162}, "10": {"epoch_loss_train": 0.03061986247698466, "epoch_acc_train": 0.8208333333333333, "epoch_loss_perc_train": 1.1197916666666667, "epoch_loss_val": 0.02960594284037749, "epoch_acc_val": 0.8433333333333334, "epoch_loss_perc_val": 0.9791666666666666}, "11": {"epoch_loss_train": 0.030911789989719787, "epoch_acc_train": 0.8408333333333333, "epoch_loss_perc_train": 0.9947916666666666, "epoch_loss_val": 0.026851139143109323, "epoch_acc_val": 0.84, "epoch_loss_perc_val": 1.0}, "12": {"epoch_loss_train": 0.03996225860590736, "epoch_acc_train": 0.8225, "epoch_loss_perc_train": 1.109375, "epoch_loss_val": 0.04650166988372803, "epoch_acc_val": 0.8066666674613953, "epoch_loss_perc_val": 1.215277779897054}, "13": {"epoch_loss_train": 0.040694968439638615, "epoch_acc_train": 0.8125, "epoch_loss_perc_train": 1.171875, "epoch_loss_val": 0.026881891240676244, "epoch_acc_val": 0.83, "epoch_loss_perc_val": 1.0625}, "14": {"epoch_loss_train": 0.03153613288576404, "epoch_acc_train": 0.8183333333333334, "epoch_loss_perc_train": 1.1354166666666667, "epoch_loss_val": 0.03749355661372344, "epoch_acc_val": 0.8433333349227905, "epoch_loss_perc_val": 0.9930555597941081}, "15": {"epoch_loss_train": 0.03294062127669652, "epoch_acc_train": 0.8316666666666667, "epoch_loss_perc_train": 1.0520833333333333, "epoch_loss_val": 0.029257693539063136, "epoch_acc_val": 0.8100000015894572, "epoch_loss_perc_val": 1.2013888931274415}, "16": {"epoch_loss_train": 0.0191930911069115, "epoch_acc_train": 0.8616666666666667, "epoch_loss_perc_train": 0.8645833333333334, "epoch_loss_val": 0.022758056446909904, "epoch_acc_val": 0.8500000015894572, "epoch_loss_perc_val": 0.9513888931274415}, "17": {"epoch_loss_train": 0.01707663886869947, "epoch_acc_train": 0.8733333333333333, "epoch_loss_perc_train": 0.7916666666666666, "epoch_loss_val": 0.02299387422700723, "epoch_acc_val": 0.8733333333333333, "epoch_loss_perc_val": 0.8125}, "18": {"epoch_loss_train": 0.01859612392882506, "epoch_acc_train": 0.8691666666666666, "epoch_loss_perc_train": 0.8177083333333334, "epoch_loss_val": 0.016368109161655108, "epoch_acc_val": 0.8700000015894572, "epoch_loss_perc_val": 0.8263888931274415}, "19": {"epoch_loss_train": 0.017415150323261817, "epoch_acc_train": 0.8783333333333333, "epoch_loss_perc_train": 0.7604166666666666, "epoch_loss_val": 0.027412514065702755, "epoch_acc_val": 0.8366666666666667, "epoch_loss_perc_val": 1.0416666666666667}, "20": {"epoch_loss_train": 0.015553681316475073, "epoch_acc_train": 0.87, "epoch_loss_perc_train": 0.8125, "epoch_loss_val": 0.021443785925706227, "epoch_acc_val": 0.8466666666666667, "epoch_loss_perc_val": 0.9791666666666666}, "21": {"epoch_loss_train": 0.013664650066445272, "epoch_acc_train": 0.8908333333333334, "epoch_loss_perc_train": 0.6822916666666666, "epoch_loss_val": 0.021351274649302164, "epoch_acc_val": 0.8833333333333333, "epoch_loss_perc_val": 0.7291666666666666}, "22": {"epoch_loss_train": 0.01766226570432385, "epoch_acc_train": 0.8775, "epoch_loss_perc_train": 0.765625, "epoch_loss_val": 0.016715534701943396, "epoch_acc_val": 0.8766666674613952, "epoch_loss_perc_val": 0.777777779897054}, "23": {"epoch_loss_train": 0.013640758811185757, "epoch_acc_train": 0.8816666666666667, "epoch_loss_perc_train": 0.7395833333333334, "epoch_loss_val": 0.014716933270295461, "epoch_acc_val": 0.8700000015894572, "epoch_loss_perc_val": 0.8263888931274415}, "24": {"epoch_loss_train": 0.012071375399827958, "epoch_acc_train": 0.8975, "epoch_loss_perc_train": 0.640625, "epoch_loss_val": 0.020302650704979896, "epoch_acc_val": 0.8766666666666667, "epoch_loss_perc_val": 0.7916666666666666}, "25": {"epoch_loss_train": 0.01380675363043944, "epoch_acc_train": 0.885, "epoch_loss_perc_train": 0.71875, "epoch_loss_val": 0.016357850581407547, "epoch_acc_val": 0.89, "epoch_loss_perc_val": 0.6875}, "26": {"epoch_loss_train": 0.011408747980992, "epoch_acc_train": 0.9058333333333334, "epoch_loss_perc_train": 0.5885416666666666, "epoch_loss_val": 0.02411615158120791, "epoch_acc_val": 0.8533333341280619, "epoch_loss_perc_val": 0.9444444529215494}, "27": {"epoch_loss_train": 0.014695673591146867, "epoch_acc_train": 0.8841666666666667, "epoch_loss_perc_train": 0.7239583333333334, "epoch_loss_val": 0.020880263373255728, "epoch_acc_val": 0.8900000015894572, "epoch_loss_perc_val": 0.7222222264607747}, "28": {"epoch_loss_train": 0.011228446774184704, "epoch_acc_train": 0.91, "epoch_loss_perc_train": 0.5625, "epoch_loss_val": 0.020726633394757908, "epoch_acc_val": 0.8600000015894572, "epoch_loss_perc_val": 0.8888888931274415}, "29": {"epoch_loss_train": 0.022336117774248123, "epoch_acc_train": 0.86, "epoch_loss_perc_train": 0.875, "epoch_loss_val": 0.02653565232952436, "epoch_acc_val": 0.8100000007947286, "epoch_loss_perc_val": 1.215277786254883}, "30": {"epoch_loss_train": 0.022749931073437136, "epoch_acc_train": 0.8633333333333333, "epoch_loss_perc_train": 0.8541666666666666, "epoch_loss_val": 0.02473336420953274, "epoch_acc_val": 0.8566666682561238, "epoch_loss_perc_val": 0.9097222264607747}, "31": {"epoch_loss_train": 0.0096546211031576, "epoch_acc_train": 0.9116666666666666, "epoch_loss_perc_train": 0.5520833333333334, "epoch_loss_val": 0.022701757339139778, "epoch_acc_val": 0.8533333341280619, "epoch_loss_perc_val": 0.9236111132303874}, "32": {"epoch_loss_train": 0.012172003431866566, "epoch_acc_train": 0.9008333333333334, "epoch_loss_perc_train": 0.6197916666666666, "epoch_loss_val": 0.023942321439584097, "epoch_acc_val": 0.86, "epoch_loss_perc_val": 0.875}, "33": {"epoch_loss_train": 0.022536190617829563, "epoch_acc_train": 0.8816666666666667,