{"0": {"epoch_loss_val": 0.13431941365202268, "epoch_tracc_val": 0.6833333333333333, "epoch_acc_train": 0.7221, "epoch_loss_train": 0.1219}, "1": {"epoch_loss_val": 0.10573907083521286, "epoch_acc_val": 0.755, "epoch_acc_train": 0.7433, "epoch_loss_train": 0.1101}, "2": {"epoch_loss_val": 0.08542586162686348, "epoch_acc_val": 0.7616666666666667, "epoch_acc_train": 0.7692, "epoch_loss_train": 0.0896}, "3": {"epoch_loss_val": 0.06608650313069422, "epoch_acc_val": 0.7766666666666666, "epoch_acc_train": 0.7913, "epoch_loss_train": 0.075}, "4": {"epoch_loss_val": 0.06337238177657127, "epoch_acc_val": 0.795, "epoch_acc_train": 0.8046, "epoch_loss_train": 0.0674}, "5": {"epoch_loss_val": 0.07071217476079861, "epoch_acc_val": 0.7916666666666666, "epoch_acc_train": 0.8083, "epoch_loss_train": 0.0636}, "6": {"epoch_loss_val": 0.04524532925337553, "epoch_acc_val": 0.8266666666666667, "epoch_acc_train": 0.8067, "epoch_loss_train": 0.0523}, "7": {"epoch_loss_val": 0.03929778618117174, "epoch_acc_val": 0.8283333333333334, "epoch_acc_train": 0.8354, "epoch_loss_train": 0.0434}, "8": {"epoch_loss_val": 0.05455669961869716, "epoch_acc_val": 0.815, "epoch_acc_train": 0.85, "epoch_loss_train": 0.0389}, "9": {"epoch_loss_val": 0.04837756833682458, "epoch_acc_val": 0.8233333333333334, "epoch_acc_train": 0.835, "epoch_loss_train": 0.0469}, "10": {"epoch_loss_val": 0.03915695300946633, "epoch_acc_val": 0.8433333333333334, "epoch_acc_train": 0.8504, "epoch_loss_train": 0.0381}, "11": {"epoch_loss_val": 0.029896085982521376, "epoch_acc_val": 0.8716666666666667, "epoch_acc_train": 0.8575, "epoch_loss_train": 0.0356}, "12": {"epoch_loss_val": 0.02820801308999459, "epoch_acc_val": 0.82, "epoch_acc_train": 0.8662, "epoch_loss_train": 0.0302}, "13": {"epoch_loss_val": 0.04098904348909855, "epoch_acc_val": 0.8333333333333334, "epoch_acc_train": 0.8529, "epoch_loss_train": 0.0336}, "14": {"epoch_loss_val": 0.03349240897844235, "epoch_acc_val": 0.845, "epoch_acc_train": 0.8654, "epoch_loss_train": 0.0299}, "15": {"epoch_loss_val": 0.03428806204348803, "epoch_acc_val": 0.8583333333333333, "epoch_acc_train": 0.8667, "epoch_loss_train": 0.0279}, "16": {"epoch_loss_val": 0.025384717509150504, "epoch_acc_val": 0.8583333333333333, "epoch_acc_train": 0.875, "epoch_loss_train": 0.0259}, "17": {"epoch_loss_val": 0.030268940478563308, "epoch_acc_val": 0.8633333333333333, "epoch_acc_train": 0.8662, "epoch_loss_train": 0.0254}, "18": {"epoch_loss_val": 0.020408001119891803, "epoch_acc_val": 0.8716666666666667, "epoch_acc_train": 0.8762, "epoch_loss_train": 0.0222}, "19": {"epoch_loss_val": 0.02530405320227146, "epoch_acc_val": 0.8616666666666667, "epoch_acc_train": 0.8738, "epoch_loss_train": 0.0224}, "20": {"epoch_loss_val": 0.0243966485808293, "epoch_acc_val": 0.8833333333333333, "epoch_acc_train": 0.8758, "epoch_loss_train": 0.0224}, "21": {"epoch_loss_val": 0.019968811894456547, "epoch_acc_val": 0.8866666666666667, "epoch_acc_train": 0.8875, "epoch_loss_train": 0.0184}, "22": {"epoch_loss_val": 0.023241190873086452, "epoch_acc_val": 0.89, "epoch_acc_train": 0.8979, "epoch_loss_train": 0.0165}, "23": {"epoch_loss_val": 0.018027727094789347, "epoch_acc_val": 0.89, "epoch_acc_train": 0.9008, "epoch_loss_train": 0.0165}, "24": {"epoch_loss_val": 0.01977231414367755, "epoch_acc_val": 0.8983333333333333, "epoch_acc_train": 0.8846, "epoch_loss_train": 0.0188}, "25": {"epoch_loss_val": 0.015290729614595572, "epoch_acc_val": 0.8983333333333333, "epoch_acc_train": 0.9054, "epoch_loss_train": 0.0145}, "26": {"epoch_loss_val": 0.014999519462386767, "epoch_acc_val": 0.8933333333333333, "epoch_acc_train": 0.9125, "epoch_loss_train": 0.0136}, "27": {"epoch_loss_val": 0.012505142216881116, "epoch_acc_val": 0.8966666666666666, "epoch_acc_train": 0.9142, "epoch_loss_train": 0.0115}, "28": {"epoch_loss_val": 0.017386137122909227, "epoch_acc_val": 0.8883333333333333, "epoch_acc_train": 0.9046, "epoch_loss_train": 0.0142}, "29": {"epoch_loss_val": 0.016846952276925245, "epoch_acc_val": 0.8866666666666667, "epoch_acc_train": 0.9062, "epoch_loss_train": 0.0138}, "30": {"epoch_loss_val": 0.012027234919369221, "epoch_acc_val": 0.8966666666666666, "epoch_acc_train": 0.9117, "epoch_loss_train": 0.0118}, "31": {"epoch_loss_val": 0.019881073348224164, "epoch_acc_val": 0.8816666666666667, "epoch_acc_train": 0.9117, "epoch_loss_train": 0.0113}, "32": {"epoch_loss_val": 0.013776052035391331, "epoch_acc_val": 0.9116666666666666, "epoch_acc_train": 0.9113, "epoch_loss_train": 0.0133}, "33": {"epoch_loss_val": 0.014121790664891403, "epoch_acc_val": 0.915, "epoch_acc_train": 0.9192, "epoch_loss_train": 0.0117}, "34": {"epoch_loss_val": 0.021372097991406918, "epoch_acc_val": 0.8783333333333333, "epoch_acc_train": 0.9092, "epoch_loss_train": 0.0142}, "35": {"epoch_loss_val": 0.014020755290985107, "epoch_acc_val": 0.9016666666666666, "epoch_acc_train": 0.9096, "epoch_loss_train": 0.0114}, "36": {"epoch_loss_val": 0.01519135557115078, "epoch_acc_val": 0.89, "epoch_acc_train": 0.9267, "epoch_loss_train": 0.0091}, "37": {"epoch_loss_val": 0.013056791611015797, "epoch_acc_val": 0.9033333333333333, "epoch_acc_train": 0.9158, "epoch_loss_train": 0.0138}, "38": {"epoch_loss_val": 0.015228626194099586, "epoch_acc_val": 0.8983333333333333, "epoch_acc_train": 0.9283, "epoch_loss_train": 0.0104}, "39": {"epoch_loss_val": 0.013019714194039503, "epoch_acc_val": 0.9016666666666666, "epoch_acc_train": 0.9346, "epoch_loss_train": 0.008}, "40": {"epoch_loss_val": 0.017457854747772217, "epoch_acc_val": 0.8933333333333333, "epoch_acc_train": 0.93, "epoch_loss_train": 0.009}, "41": {"epoch_loss_val": 0.012780902857581775, "epoch_acc_val": 0.91, "epoch_acc_train": 0.9375, "epoch_loss_train": 0.007}, "42": {"epoch_loss_val": 0.010452194847166538, "epoch_acc_val": 0.9, "epoch_acc_train": 0.94, "epoch_loss_train": 0.0075}, "43": {"epoch_loss_val": 0.01211976343144973, "epoch_acc_val": 0.9116666666666666, "epoch_acc_train": 0.9287, "epoch_loss_train": 0.0088}, "44": {"epoch_loss_val": 0.010007134775320689, "epoch_acc_val": 0.925, "epoch_acc_train": 0.9313, "epoch_loss_train": 0.0081}, "45": {"epoch_loss_val": 0.010391135178506374, "epoch_acc_val": 0.9116666666666666, "epoch_acc_train": 0.9437, "epoch_loss_train": 0.0063}, "46": {"epoch_loss_val": 0.01350243479013443, "epoch_acc_val": 0.9183333333333333, "epoch_acc_train": 0.9383, "epoch_loss_train": 0.0075}, "47": {"epoch_loss_val": 0.01638628512620926, "epoch_acc_val": 0.9116666666666666, "epoch_acc_train": 0.9329, "epoch_loss_train": 0.0088}, "48": {"epoch_loss_val": 0.006685464183489482, "epoch_acc_val": 0.9266666666666666, "epoch_acc_train": 0.9404, "epoch_loss_train": 0.0078}, "49": {"epoch_loss_val": 0.00997854611525933, "epoch_acc_val": 0.9216666666666666, "epoch_acc_train": 0.9496, "epoch_loss_train": 0.0057}, "50": {"epoch_loss_val": 0.011457052205999692, "epoch_acc_val": 0.9, "epoch_acc_train": 0.9425, "epoch_loss_train": 0.0062}, "51": {"epoch_loss_val": 0.013582821513215701, "epoch_acc_val": 0.9016666666666666, "epoch_acc_train": 0.9321, "epoch_loss_train": 0.0093}, "52": {"epoch_loss_val": 0.013460916529099146, "epoch_acc_val": 0.8933333333333333, "epoch_acc_train": 0.9325, "epoch_loss_train": 0.0084}, "53": {"epoch_loss_val": 0.013211479398111502, "epoch_acc_val": 0.915, "epoch_acc_train": 0.9337, "epoch_loss_train": 0.0075}, "54": {"epoch_loss_val": 0.012923467059930166, "epoch_acc_val": 0.9166666666666666, "epoch_acc_train": 0.9417, "epoch_loss_train": 0.0066}, "55": {"epoch_loss_val": 0.010995851680636406, "epoch_acc_val": 0.9166666666666666, "epoch_acc_train": 0.9371, "epoch_loss_train": 0.0078}, "56": {"epoch_loss_val": 0.012363647197683653, "epoch_acc_val": 0.9016666666666666, "epoch_acc_train": 0.9463, "epoch_loss_train": 0.0063}, "57": {"epoch_loss_val": 0.01050671212375164, "epoch_acc_val": 0.9083333333333333, "epoch_acc_train": 0.9421, "epoch_loss_train": 0.0063}, "58": {"epoch_loss_val": 0.014498412845035395, "epoch_acc_val": 0.9333333333333333, "epoch_acc_train": 0.9483,