{"0": {"epoch_loss_train": 0.22804055591424308, "epoch_acc_train": 0.24583333333333332, "epoch_loss_perc_train": 4.713541666666667, "epoch_loss_val": 0.23123268524805704, "epoch_acc_val": 0.20666666676600773, "epoch_loss_perc_val": 5.034722239176432}, "1": {"epoch_loss_train": 0.21421662131945293, "epoch_acc_train": 0.275, "epoch_loss_perc_train": 4.53125, "epoch_loss_val": 0.22944884320100148, "epoch_acc_val": 0.3200000003973643, "epoch_loss_perc_val": 4.305555572509766}, "2": {"epoch_loss_train": 0.18969519207874933, "epoch_acc_train": 0.3725, "epoch_loss_perc_train": 3.921875, "epoch_loss_val": 0.1757831060886383, "epoch_acc_val": 0.40000000019868215, "epoch_loss_perc_val": 3.8194444529215494}, "3": {"epoch_loss_train": 0.16480734566847483, "epoch_acc_train": 0.43, "epoch_loss_perc_train": 3.5625, "epoch_loss_val": 0.17232236127058664, "epoch_acc_val": 0.38666666706403097, "epoch_loss_perc_val": 3.888888905843099}, "4": {"epoch_loss_train": 0.1522167273859183, "epoch_acc_train": 0.475, "epoch_loss_perc_train": 3.28125, "epoch_loss_val": 0.16200021902720133, "epoch_acc_val": 0.4900000003973643, "epoch_loss_perc_val": 3.243055572509766}, "5": {"epoch_loss_train": 0.14602122128009795, "epoch_acc_train": 0.5033333333333333, "epoch_loss_perc_train": 3.1041666666666665, "epoch_loss_val": 0.13131905019283294, "epoch_acc_val": 0.5133333333333333, "epoch_loss_perc_val": 3.0833333333333335}, "6": {"epoch_loss_train": 0.1406035540997982, "epoch_acc_train": 0.525, "epoch_loss_perc_train": 2.96875, "epoch_loss_val": 0.14111196368932724, "epoch_acc_val": 0.39333333412806193, "epoch_loss_perc_val": 3.840277786254883}, "7": {"epoch_loss_train": 0.1277109281718731, "epoch_acc_train": 0.56, "epoch_loss_perc_train": 2.75, "epoch_loss_val": 0.14346518655618032, "epoch_acc_val": 0.42666666746139525, "epoch_loss_perc_val": 3.6319444529215494}, "8": {"epoch_loss_train": 0.12304492053886254, "epoch_acc_train": 0.5675, "epoch_loss_perc_train": 2.703125, "epoch_loss_val": 0.1399557340145111, "epoch_acc_val": 0.5033333337306977, "epoch_loss_perc_val": 3.1597222391764324}, "9": {"epoch_loss_train": 0.12503265996774038, "epoch_acc_train": 0.5833333333333334, "epoch_loss_perc_train": 2.6041666666666665, "epoch_loss_val": 0.1230218505859375, "epoch_acc_val": 0.6066666674613953, "epoch_loss_perc_val": 2.486111119588216}, "10": {"epoch_loss_train": 0.11009413128097852, "epoch_acc_train": 0.6066666666666667, "epoch_loss_perc_train": 2.4583333333333335, "epoch_loss_val": 0.1432899308204651, "epoch_acc_val": 0.5033333341280619, "epoch_loss_perc_val": 3.152777786254883}, "11": {"epoch_loss_train": 0.10133475802838803, "epoch_acc_train": 0.6508333333333334, "epoch_loss_perc_train": 2.1822916666666665, "epoch_loss_val": 0.11692042668660482, "epoch_acc_val": 0.5900000007947286, "epoch_loss_perc_val": 2.590277786254883}, "12": {"epoch_loss_train": 0.0992914592474699, "epoch_acc_train": 0.6408333333333334, "epoch_loss_perc_train": 2.2447916666666665, "epoch_loss_val": 0.16481471925973892, "epoch_acc_val": 0.4333333349227905, "epoch_loss_perc_val": 3.5763888931274415}, "13": {"epoch_loss_train": 0.09842416882514954, "epoch_acc_train": 0.6425, "epoch_loss_perc_train": 2.234375, "epoch_loss_val": 0.11765208999315897, "epoch_acc_val": 0.63, "epoch_loss_perc_val": 2.3541666666666665}, "14": {"epoch_loss_train": 0.09122165128588676, "epoch_acc_train": 0.6816666666666666, "epoch_loss_perc_train": 1.9895833333333333, "epoch_loss_val": 0.10809053689241409, "epoch_acc_val": 0.6433333349227905, "epoch_loss_perc_val": 2.2638888931274415}, "15": {"epoch_loss_train": 0.08735316323737304, "epoch_acc_train": 0.6916666666666667, "epoch_loss_perc_train": 1.9270833333333333, "epoch_loss_val": 0.10753376086552938, "epoch_acc_val": 0.6666666682561239, "epoch_loss_perc_val": 2.118055559794108}, "16": {"epoch_loss_train": 0.08136627927422524, "epoch_acc_train": 0.6975, "epoch_loss_perc_train": 1.890625, "epoch_loss_val": 0.13219826479752858, "epoch_acc_val": 0.5966666666666667, "epoch_loss_perc_val": 2.5625}, "17": {"epoch_loss_train": 0.09018520732720693, "epoch_acc_train": 0.6816666666666666, "epoch_loss_perc_train": 1.9895833333333333, "epoch_loss_val": 0.12492803161342939, "epoch_acc_val": 0.5666666682561239, "epoch_loss_perc_val": 2.722222226460775}, "18": {"epoch_loss_train": 0.07666494394342105, "epoch_acc_train": 0.7025, "epoch_loss_perc_train": 1.859375, "epoch_loss_val": 0.17348954280217488, "epoch_acc_val": 0.2533333337306976, "epoch_loss_perc_val": 4.722222239176432}, "19": {"epoch_loss_train": 0.06966905616223812, "epoch_acc_train": 0.7266666666666667, "epoch_loss_perc_train": 1.7083333333333333, "epoch_loss_val": 0.12164570897817611, "epoch_acc_val": 0.6000000015894572, "epoch_loss_perc_val": 2.5138888931274415}, "20": {"epoch_loss_train": 0.06941442996263504, "epoch_acc_train": 0.7241666666666666, "epoch_loss_perc_train": 1.7239583333333333, "epoch_loss_val": 0.11621308614810308, "epoch_acc_val": 0.5633333349227905, "epoch_loss_perc_val": 2.7638888931274415}, "21": {"epoch_loss_train": 0.07690413773059845, "epoch_acc_train": 0.71, "epoch_loss_perc_train": 1.8125, "epoch_loss_val": 0.1151708136498928, "epoch_acc_val": 0.6, "epoch_loss_perc_val": 2.5208333333333335}, "22": {"epoch_loss_train": 0.07550239428877831, "epoch_acc_train": 0.7, "epoch_loss_perc_train": 1.875, "epoch_loss_val": 0.09438540577888489, "epoch_acc_val": 0.7100000007947286, "epoch_loss_perc_val": 1.840277786254883}, "23": {"epoch_loss_train": 0.06441271685063839, "epoch_acc_train": 0.7408333333333333, "epoch_loss_perc_train": 1.6197916666666667, "epoch_loss_val": 0.09580983440081278, "epoch_acc_val": 0.7233333349227905, "epoch_loss_perc_val": 1.743055559794108}, "24": {"epoch_loss_train": 0.06065212411185106, "epoch_acc_train": 0.765, "epoch_loss_perc_train": 1.46875, "epoch_loss_val": 0.10256440550088883, "epoch_acc_val": 0.6700000007947285, "epoch_loss_perc_val": 2.0694444465637205}, "25": {"epoch_loss_train": 0.05233141635855039, "epoch_acc_train": 0.7716666666666666, "epoch_loss_perc_train": 1.4270833333333333, "epoch_loss_val": 0.0865151767184337, "epoch_acc_val": 0.7366666682561238, "epoch_loss_perc_val": 1.6597222264607747}, "26": {"epoch_loss_train": 0.05752165677646796, "epoch_acc_train": 0.7633333333333333, "epoch_loss_perc_train": 1.4791666666666667, "epoch_loss_val": 0.08337517817815145, "epoch_acc_val": 0.7333333349227905, "epoch_loss_perc_val": 1.680555559794108}, "27": {"epoch_loss_train": 0.0486806117494901, "epoch_acc_train": 0.79, "epoch_loss_perc_train": 1.3125, "epoch_loss_val": 0.1536693811416626, "epoch_acc_val": 0.31666666706403096, "epoch_loss_perc_val": 4.326388905843099}, "28": {"epoch_loss_train": 0.04756710169215997, "epoch_acc_train": 0.7958333333333333, "epoch_loss_perc_train": 1.2760416666666667, "epoch_loss_val": 0.08407739887634913, "epoch_acc_val": 0.7033333349227905, "epoch_loss_perc_val": 1.8888888931274415}, "29": {"epoch_loss_train": 0.047280759736895564, "epoch_acc_train": 0.7933333333333333, "epoch_loss_perc_train": 1.2916666666666667, "epoch_loss_val": 0.0733630351225535, "epoch_acc_val": 0.7400000015894572, "epoch_loss_perc_val": 1.6597222264607747}, "30": {"epoch_loss_train": 0.050152036796013516, "epoch_acc_train": 0.7825, "epoch_loss_perc_train": 1.359375, "epoch_loss_val": 0.111915276547273, "epoch_acc_val": 0.6400000015894572, "epoch_loss_perc_val": 2.284722226460775}, "31": {"epoch_loss_train": 0.04330129453291496, "epoch_acc_train": 0.8016666666666666, "epoch_loss_perc_train": 1.2395833333333333, "epoch_loss_val": 0.1014693475763003, "epoch_acc_val": 0.7033333333333334, "epoch_loss_perc_val": 1.8958333333333333}, "32": {"epoch_loss_train": 0.046057457601030666, "epoch_acc_train": 0.7941666666666667, "epoch_loss_perc_train": 1.2864583333333333, "epoch_loss_val": 0.07044301360845566, "epoch_acc_val": 0.7366666666666667, "epoch_loss_perc_val": 1.6666666666666667}, "33": {"epoch_loss_train": 0.04029876949886481, "epoch_acc_train": 0.8191666666666667,